식당,분류,메뉴,가격(원),설명/옵션
호치킨 일산백마점,오리지널,크리스피치킨,15900,남녀노소 누구나 입맛에 맞는 담백하고 바삭바삭한 치킨
호치킨 일산백마점,오리지널,간장치킨,16900,바삭한 크리스피와 간장소스의 달콤 짭조름한 조합
호치킨 일산백마점,오리지널,양념치킨,16900,호치킨만의 소스로 맛을 낸 매콤달콤한 양념의 치킨
호치킨 일산백마점,오리지널,반반치킨,16900,"크리스피+양념 or 크리스피+간장 (양념+간장/크리스피+치즈찐 +1,000, 양념+치즈찐/크리스피+맛나게맵닭 +2,000)"
호치킨 일산백마점,스페셜,왕호라이드,17900,바삭바삭 크리스피가 더욱 커져 돌아왔다! (순살 불가)
호치킨 일산백마점,스페셜,치즈찐,17900,단짠 체다치즈와 고소한 크림치즈에 파마산치즈로 풍미 UP
호치킨 일산백마점,스페셜,호차오,18900,바삭한 치킨을 강한 불에 볶아 불맛을 더한 중화풍 깐풍치킨
호치킨 일산백마점,스페셜,크런치새우치킨,18900,"리얼 새우스낵과 치킨의 고소 바삭한 조합 (새우스낵토핑 +2,500)"
호치킨 일산백마점,스페셜,어니언치킨,18900,아삭한 양파링과 호치킨 특제소스를 듬뿍 올린 상큼한 치킨
호치킨 일산백마점,스페셜,오리지널윙봉,18900,바삭하게 즐기는 가성비 최강 호치킨 윙봉 (순살 불가)
호치킨 일산백마점,스페셜,핫쏘이치킨,17900,달콤 짭조름한 간장 소스에 매콤 알싸한 청양고추와 월남고추의 만남
호치킨 일산백마점,스페셜,치타치킨,17900,매콤 고소한 스리라차마요소스와 타코시즈닝을 더한 멕시칸 스타일 치킨
호치킨 일산백마점,스페셜,치슐랭,18900,오븐에 한번 더 구워 바삭함과 소이립 풍미를 살린 프리미엄 치킨
호치킨 일산백마점,스페셜,파닭,18900,알싸한 파와 톡 쏘는 겨자소스가 입맛을 자극하는 크리스피 치킨
호치킨 일산백마점,스페셜,맛나게맵닭,18900,화끈한 소스와 과육의 달콤함이 만난 매콤달콤한 치킨
호치킨 일산백마점,로스트,직화소금구이,17900,"대파, 양파, 청양고추의 깊은 풍미를 담은 오븐구이"
호치킨 일산백마점,로스트,직화양념구이,18900,매콤달콤한 양념과 직화의 깊은 풍미가 어우러진 오븐구이
호치킨 일산백마점,로스트,로스트,15900,육즙이 살아있는 오븐구이 웰빙 치킨
호치킨 일산백마점,로스트,바베큐 로스트,17900,매콤한 바베큐소스와 담백한 로스트 치킨의 만남 (보통맛/매운맛 선택)
호치킨 일산백마점,로스트,후끈이,18900,기름을 쏙 뺀 오븐 로스트에 매콤함의 환상 조합
호치킨 일산백마점,세트,반반반 치킨세트 (크리스피+양념+간장),25900,한마리 반으로 푸짐한 3가지 맛
호치킨 일산백마점,세트,반반반 치킨세트 (크리스피+양념+치즈찐),26900,
호치킨 일산백마점,세트,반반반 치킨세트 (크리스피+간장+치즈찐),26900,
호치킨 일산백마점,세트,반반반 치킨세트 (크리스피+간장+맛나게맵닭),26900,
호치킨 일산백마점,세트,치면세트 (크리스피+비빔우동),19900,치킨 한마리와 면의 꿀조합
호치킨 일산백마점,세트,치면세트 (양념/간장/크리스피+양념/크리스피+간장),20900,치킨 종류 선택
호치킨 일산백마점,세트,치면세트 (크리스피+치즈찐/양념+간장),21900,
호치킨 일산백마점,세트,치면세트 (양념+치즈찐/크리스피+맛나게맵닭),22900,
호치킨 일산백마점,추가·소스·토핑,반마리 추가 (크리스피),9000,치킨 주문 시 추가 가능
호치킨 일산백마점,추가·소스·토핑,반마리 추가 (양념 or 간장),10000,치킨 주문 시 추가 가능
호치킨 일산백마점,추가·소스·토핑,소스 (간장/양념/겨자/청고추/갈릭퐁듀/머스타드/맵닭),500,
호치킨 일산백마점,추가·소스·토핑,소스 (찐치즈/어니언/스리라차마요),1000,
호치킨 일산백마점,추가·소스·토핑,토핑 왕비홍고추,1000,
호치킨 일산백마점,추가·소스·토핑,토핑 (쫀떡튀김/개운파채/아삭양파채),3500,
한잔의술 백마점,대표메뉴,순살닭볶음탕 + 셀프볶음밥,24900,
한잔의술 백마점,대표메뉴,묵은지순살닭볶음탕 + 셀프칼국수,26900,
한잔의술 백마점,대표메뉴,로제순살닭볶음탕 + 셀프파스타,26900,
한잔의술 백마점,대표메뉴,누룽지닭볶음탕 + 셀프계란죽,26900,
한잔의술 백마점,탕,김치어묵우동,16900,
한잔의술 백마점,탕,나가사끼짬뽕탕,15900,
한잔의술 백마점,탕,매콤차돌순두부김치찌개,18900,
한잔의술 백마점,탕,고기&김치만두계란탕,16900,
한잔의술 백마점,탕,순두부해물짬뽕탕,16900,
한잔의술 백마점,탕,꼬지빨간오뎅탕,17900,
한잔의술 백마점,탕,꼬지오뎅탕,17900,
한잔의술 백마점,탕,한술알탕,18900,
한잔의술 백마점,탕,한술해물누룽지탕,17900,
한잔의술 백마점,탕,바지락칼국수,17900,
한잔의술 백마점,탕,차돌스키야끼,19900,
한잔의술 백마점,탕,묵은지돼지고기김치찌개,18900,NEW
한잔의술 백마점,탕,산더미꽃게탕,19900,NEW
한잔의술 백마점,탕,우삼겹된장술밥,17900,NEW
한잔의술 백마점,요리·메인·샐러드,쟁반찜닭볶음우동,15900,
한잔의술 백마점,요리·메인·샐러드,훈제삼겹두부김치,17900,
한잔의술 백마점,요리·메인·샐러드,후라이드순살치킨&감튀,15900,
한잔의술 백마점,요리·메인·샐러드,지파이유린기,16900,
한잔의술 백마점,요리·메인·샐러드,매콤돼지껍떡볶음&셀프주먹밥,16900,
한잔의술 백마점,요리·메인·샐러드,매콤눈꽃치즈닭떡볶이,17900,
한잔의술 백마점,요리·메인·샐러드,차돌숙주볶음,15900,
한잔의술 백마점,요리·메인·샐러드,매콤육회&치즈,16900,
한잔의술 백마점,요리·메인·샐러드,매콤무뼈닭발&셀프주먹밥,17900,
한잔의술 백마점,요리·메인·샐러드,골뱅이소면,17900,
한잔의술 백마점,요리·메인·샐러드,모듬소세지&감튀,14900,
한잔의술 백마점,요리·메인·샐러드,어묵꼬지국물떡볶이,12900,
한잔의술 백마점,요리·메인·샐러드,데리마요닭강정,12900,
한잔의술 백마점,요리·메인·샐러드,한술돈까스&감튀,13900,
한잔의술 백마점,요리·메인·샐러드,먹태+땅콩,15900,
한잔의술 백마점,요리·메인·샐러드,반건조오징어+땅콩,13900,
한잔의술 백마점,요리·메인·샐러드,케이준치킨샐러드,12900,
한잔의술 백마점,꼬치·간단안주,염통꼬치 (5pcs),7900,
한잔의술 백마점,꼬치·간단안주,닭껍질꼬치 (5pcs),7900,
한잔의술 백마점,꼬치·간단안주,데리야끼닭다리살꼬치 (6pcs),10900,
한잔의술 백마점,꼬치·간단안주,은행꼬치 (10pcs),9900,
한잔의술 백마점,꼬치·간단안주,아이스크림 꿀호떡,9900,
한잔의술 백마점,꼬치·간단안주,츄러스&바닐라아이스크림,9900,
한잔의술 백마점,꼬치·간단안주,연유페스츄리&바닐라아이스크림,7900,
한잔의술 백마점,꼬치·간단안주,우삼겹계란게티,7900,
한잔의술 백마점,꼬치·간단안주,해장라면,5900,
한잔의술 백마점,꼬치·간단안주,바삭롱치즈스틱&감튀,9900,
한잔의술 백마점,꼬치·간단안주,L사 양념 감튀 (크림버터/매콤칠리),9900,
한잔의술 백마점,꼬치·간단안주,계란찜,6900,
한잔의술 백마점,꼬치·간단안주,파인메론 반반,12900,
한잔의술 백마점,꼬치·간단안주,연유큐브수박,8900,
한잔의술 백마점,꼬치·간단안주,연유토마토,5900,
한잔의술 백마점,꼬치·간단안주,콘치즈,6900,
한잔의술 백마점,꼬치·간단안주,쥐포튀김,5900,
한잔의술 백마점,꼬치·간단안주,셀프주먹밥,3500,
한잔의술 백마점,시원한안주·디저트,파인애플샤베트,6900,
한잔의술 백마점,시원한안주·디저트,아이스망고큐브치즈,6900,
한잔의술 백마점,시원한안주·디저트,용과샤베트,8900,
한잔의술 백마점,시원한안주·디저트,요구르트샤베트,9900,
한잔의술 백마점,시원한안주·디저트,딸기우유냉동과일,11900,
한잔의술 백마점,시원한안주·디저트,콜드황도,5900,
한잔의술 백마점,피자·파스타,빠네크림베이컨파스타,18900,
한잔의술 백마점,피자·파스타,감바스파스타,17900,
한잔의술 백마점,피자·파스타,매콤로제떡볶이파스타,14900,
한잔의술 백마점,피자·파스타,페스츄리페페로니피자,15900,
도로시앤샌드위치,추천 메뉴,클럽 샌드위치,2500,닭가슴살 베이스 수제소스로 어우러진 담백한맛 (대표)
도로시앤샌드위치,추천 메뉴,에그 샌드위치,2500,으깬달걀을 마요네즈에 버무려 시중에 파는 에그마요와 다른 고소한 맛
브라운치킨 일산백마점,치킨류,마늘치킨,18000,
브라운치킨 일산백마점,치킨류,후라이드치킨,17000,
브라운치킨 일산백마점,치킨류,양념치킨,18000,
브라운치킨 일산백마점,치킨류,간장치킨,18000,
브라운치킨 일산백마점,치킨류,파치킨,18000,
브라운치킨 일산백마점,치킨류,반반치킨 (마늘/후라이드/양념/간장 중 선택),18000,
브라운치킨 일산백마점,치킨류,반마리 추가,9000,
브라운치킨 일산백마점,치킨세트,치킨뱅이,39000,
브라운치킨 일산백마점,치킨세트,마늘뱅이,40000,
브라운치킨 일산백마점,치킨세트,세트 (후+간+마 반마리),28000,
브라운치킨 일산백마점,치킨세트,감자튀김 추가,5000,
브라운치킨 일산백마점,안주·식사,을지로골뱅이,23000,
브라운치킨 일산백마점,안주·식사,감자튀김,10000,
브라운치킨 일산백마점,안주·식사,번데기,12000,
브라운치킨 일산백마점,안주·식사,황도,10000,
브라운치킨 일산백마점,안주·식사,갑오징어숙회,25000,
브라운치킨 일산백마점,안주·식사,오뎅탕,20000,
브라운치킨 일산백마점,안주·식사,두부김치,20000,
브라운치킨 일산백마점,안주·식사,무뼈닭발볶음,20000,
브라운치킨 일산백마점,안주·식사,부대찌개,25000,
브라운치킨 일산백마점,안주·식사,두부짜박이,20000,
브라운치킨 일산백마점,안주·식사,모듬소세지+떡튀김,15000,
브라운치킨 일산백마점,안주·식사,김치찌개,25000,김치·고기 국내산
브라운치킨 일산백마점,안주·식사,제육볶음,25000,
브라운치킨 일산백마점,마른안주,노가리,17000,
브라운치킨 일산백마점,마른안주,한치,18000,
브라운치킨 일산백마점,마른안주,먹태,20000,
브라운치킨 일산백마점,마른안주,반건조오징어,17000,
브라운치킨 일산백마점,마른안주,마른오징어,15000,
브라운치킨 일산백마점,음료·기타,콜라/사이다,2000,
브라운치킨 일산백마점,음료·기타,햇반,2000,
정직유부 일산백마점,유부메뉴 (4p),정직유부,4700,갖은 야채와 국내산 돼지고기가 들어간 정직유부의 기본 메뉴
정직유부 일산백마점,유부메뉴 (4p),참치마요유부,5900,고소한 참치와 크리미한 특제 마요소스로 맛이 일품 (BEST)
정직유부 일산백마점,유부메뉴 (4p),볶음김치유부,5900,정성스럽게 볶은 국내산 김치가 들어간 유부
정직유부 일산백마점,유부메뉴 (4p),불고기유부,5900,100% 국내산 돼지고기에 특제 소스로 만든 인기만점 유부 (BEST)
정직유부 일산백마점,유부메뉴 (4p),크래미와사마요유부,5900,알싸한 와사비마요소스에 쫄깃한 크래미가 더해진 유부
정직유부 일산백마점,유부메뉴 (4p),에그유부,5900,올리브유 베이스의 에그소스로 만든 부드러운 유부
정직유부 일산백마점,유부메뉴 (4p),닭갈비유부,5900,촉촉한 닭다리살에 매콤달콤 양념이 배어든 유부
정직유부 일산백마점,유부메뉴 (4p),매콤참치유부,5900,화끈한 청양고추와 참치가 어우러진 빨간맛 유부
정직유부 일산백마점,유부메뉴 (4p),청양마요유부,5900,강렬한 맛의 특제 청양마요 소스와 양파 후레이크의 고소한 맛 유부
정직유부 일산백마점,유부메뉴 (4p),제육유부,6400,"매콤달콤한 비법양념으로 볶은 제육이 들어간 유부 (체다치즈 추가 +1,000) (BEST)"
정직유부 일산백마점,유부메뉴 (4p),마라유부,6400,특제 마라소스와 100% 국내산 돼지고기로 만든 매콤얼얼한 유부 (NEW)
정직유부 일산백마점,세트메뉴,시그니처 8종 모둠세트 (8pcs),12900,정직·참치마요·볶음김치·불고기·크래미와사마요·에그·닭갈비·매콤참치 (BEST)
정직유부 일산백마점,세트메뉴,1인세트 (면메뉴+유부 3pcs),9000,"유부초밥과 면메뉴를 원하는대로 가성비 있게 즐기는 1인 세트 (9,000~)"
정직유부 일산백마점,면 메뉴,마라마제우동,7500,부드러운 순두부와 마라소스가 어우러진 꾸덕한 마라마제우동 (NEW)
정직유부 일산백마점,면 메뉴,정직냉모밀,7500,가쓰오 풍미 가득 시원한 육수와 고소한 메밀면의 조화 (BEST)
정직유부 일산백마점,면 메뉴,참깨초계면,7000,참깨소스와 닭가슴살 동치미육수가 어우러진 파스타
정직유부 일산백마점,면 메뉴,비빔막국수,7000,춘천막국수 스타일의 깊은 단맛과 매콤한 맛 (4~10월 시즌메뉴)
정직유부 일산백마점,면 메뉴,물비빔막국수,7500,시원한 동치미육수로 물/비빔 모두 즐길 수 있는 메뉴 (4~10월 시즌메뉴)
정직유부 일산백마점,면 메뉴,순두부우동,6700,얼큰 칼칼한 육수와 부드러운 순두부의 만남 (BEST)
정직유부 일산백마점,면 메뉴,어묵우동,6700,"포장마차 스타일의 진한 어묵우동 (매콤 +200, 김치 +900)"
정직유부 일산백마점,면 메뉴,정직우동,5500,"담백하고 깊은맛의 우동 (얼큰 +200, THE얼큰 +500) (BEST)"
정직유부 일산백마점,면 메뉴,닭곰탕우동,6700,맑고 진한 닭곰탕육수에 부드러운 닭가슴살이 듬뿍
정직유부 일산백마점,면 메뉴,쫄면,6500,쫄깃한 면발과 매콤달콤새콤 소스가 어우러져 중독성 있는 메뉴
정직유부 일산백마점,면 메뉴,삼겹비빔면,6000,유부초밥과 잘 어울리는 삼겹살과 비빔면
정직유부 일산백마점,면 메뉴,정직라면,4500,파송송 맛있는 라면 (치즈라면 +500)
정직유부 일산백마점,사이드 메뉴,국물떡볶이,5500,진하고 칼칼한 국물에 쫄깃한 떡과 부산 어묵이 들어간 떡볶이
정직유부 일산백마점,사이드 메뉴,정직우볶이,4500,고추장 베이스 매콤 우볶이 유부찍먹 면메뉴
정직유부 일산백마점,사이드 메뉴,어묵탕,4500,담백하고 깊은맛의 어묵탕 (매콤 +200)
교촌치킨 백마강촌점,(메뉴판 사진 없음),,,
정글우동포차,식사류,우동,3500,"어묵추가 +1,000"
정글우동포차,식사류,즉석떡볶이 (2인분),9000,
정글우동포차,식사류,돈까스,4500,
정글우동포차,식사류,해물짬뽕라면,4000,
정글우동포차,식사류,냉면,4500,
정글우동포차,식사류,홍합토마토스파게티,8000,
정글우동포차,식사류,김치찌개,5500,
정글우동포차,식사류,부대찌개,5500,
정글우동포차,식사류,제육덮밥,5500,
정글우동포차,식사류,김치볶음밥,5500,
정글우동포차,식사류,오므라이스,5500,
정글우동포차,식사류,뚝배기불고기,6000,
정글우동포차,추가메뉴,볶음밥,3000,
정글우동포차,추가메뉴,김가루밥,2000,
정글우동포차,추가메뉴,공기밥,1000,
정글우동포차,추가메뉴,우동사리,2000,
정글우동포차,추가메뉴,라면사리,1000,
정글우동포차,추가메뉴,팝콘,3000,
정글우동포차,추가메뉴,각종음료,2000,
정글우동포차,튀김류,훈제통오리,19000,
정글우동포차,튀김류,훈제통닭,13000,
정글우동포차,튀김류,칠면조다리튀김&감자튀김,14000,
정글우동포차,튀김류,가라아게튀김&감자튀김,14000,
정글우동포차,튀김류,치즈스틱&감자튀김,13000,
정글우동포차,튀김류,살로만치킨&감자튀김,15000,
정글우동포차,튀김류,똥집튀김,14000,
정글우동포차,튀김류,탕수육,15000,
정글우동포차,튀김류,감자튀김,5000,
정글우동포차,튀김류,물만두튀김,5000,
정글우동포차,기타,부추전,11000,
정글우동포차,기타,해물부추전,14000,
정글우동포차,기타,김치전,11000,
정글우동포차,기타,먹태,14000,
정글우동포차,기타,콘치즈,8000,
정글우동포차,기타,스팸계란후라이,6000,
정글우동포차,기타,너비아니계란후라이,6000,
정글우동포차,기타,마약소세지,12000,
정글우동포차,기타,계란말이,12000,
정글우동포차,기타,피자,10000,
정글우동포차,기타,짜파게티,8000,
정글우동포차,기타,황도,8000,
정글우동포차,기타,번데기탕,5000,
정글우동포차,기타,계란찜,4000,
정글우동포차,기타,촉촉한노가리,13000,
정글우동포차,기타,반건조오징어,13000,
정글우동포차,안주류,낙지볶음소면,23000,
정글우동포차,안주류,찜닭,23000,
정글우동포차,안주류,갑오징어숙회,21000,
정글우동포차,안주류,골뱅이무침,18000,
정글우동포차,안주류,훈제오리부추무침,19000,
정글우동포차,안주류,김치두루치기,16000,
정글우동포차,안주류,돼지두루치기,23000,
정글우동포차,안주류,돼지고기두부김치,15000,
정글우동포차,안주류,콩나물쭈꾸미볶음,16000,
정글우동포차,안주류,고추장삼겹살볶음,16000,
정글우동포차,안주류,삼겹숙주볶음,16000,
정글우동포차,안주류,매운오돌뼈볶음,14000,
정글우동포차,안주류,닭똥집마늘볶음,14000,
정글우동포차,안주류,야채곱창볶음,16000,
정글우동포차,안주류,무뼈국물닭발,16000,
정글우동포차,안주류,돼지껍데기볶음,13000,
정글우동포차,탕류,묵은지닭도리탕,25000,
정글우동포차,탕류,신매콤닭도리탕,23000,
정글우동포차,탕류,양푼김치찌개,14000,
정글우동포차,탕류,양푼부대찌개,14000,
정글우동포차,탕류,얼큰짬뽕탕,15000,
정글우동포차,탕류,나가사끼짬뽕탕,15000,
정글우동포차,탕류,오뎅탕,11000,
정글우동포차,탕류,홍합탕,11000,
정글우동포차,탕류,얼큰알탕,14000,
정글우동포차,탕류,물만두계란탕,10000,
정글우동포차,탕류,물만두김치우동,12000,
포장마차깜보,구이·탕,생오겹살 (1인분 180g),14000,"100g 7,000원"
포장마차깜보,구이·탕,민물장어 大 2마리,59000,
포장마차깜보,구이·탕,"부대찌개 (2인 이상, 1인분)",8000,
포장마차깜보,구이·탕,햄·쏘세지사리,7000,
포장마차깜보,구이·탕,라면사리,2000,
포장마차깜보,구이·탕,닭볶음탕,27000,
포장마차깜보,구이·탕,오뎅탕,15000,
포장마차깜보,구이·탕,알탕,19000,
포장마차깜보,구이·탕,동태탕,27000,
포장마차깜보,볶음·안주,무뼈닭발,16000,
포장마차깜보,볶음·안주,닭똥집,16000,
포장마차깜보,볶음·안주,꼼장어볶음,16000,
포장마차깜보,볶음·안주,오징어볶음,16000,
포장마차깜보,볶음·안주,쭈꾸미볶음,16000,
포장마차깜보,볶음·안주,제육볶음,17000,
포장마차깜보,볶음·안주,코다리구이,17000,
포장마차깜보,볶음·안주,가오리찜,17000,
포장마차깜보,볶음·안주,한우육회,17000,
포장마차깜보,볶음·안주,해물파전,15000,
포장마차깜보,볶음·안주,두부김치,15000,
포장마차깜보,볶음·안주,골뱅이무침,23000,
포장마차깜보,볶음·안주,계란찜,7000,
포장마차깜보,볶음·안주,계란말이,12000,
포장마차깜보,볶음·안주,사누끼 우동,5000,
포장마차깜보,볶음·안주,구룡포 과메기,23000,겨울철 별미
포장마차깜보,볶음·안주,용대리 먹태,17000,
포장마차깜보,볶음·안주,대구노가리,15000,
포장마차깜보,볶음·안주,기장 멸치무침,23000,
포장마차깜보,볶음·안주,홍어회,25000,
포장마차깜보,볶음·안주,오징어숙회,가격문의,가격 미표기 — 매장 문의
윤가네바베큐 마두점,메인메뉴,치즈 통닭 바베큐,22000,
윤가네바베큐 마두점,메인메뉴,양념삼겹 바베큐,32000,
윤가네바베큐 마두점,메인메뉴,고추장양념삼겹 바베큐,34000,
윤가네바베큐 마두점,메인메뉴,오리훈제 바베큐,32000,
윤가네바베큐 마두점,메인메뉴,닭도리탕,32000,
윤가네바베큐 마두점,메인메뉴,오삼 불고기,32000,
윤가네바베큐 마두점,메인메뉴,알탕,32000,
윤가네바베큐 마두점,메인메뉴,피꼬막,32000,개시
윤가네바베큐 마두점,사이드메뉴,수제소시지,22000,
윤가네바베큐 마두점,사이드메뉴,오징어 볶음,26000,
윤가네바베큐 마두점,사이드메뉴,돼지고기 볶음,26000,
윤가네바베큐 마두점,사이드메뉴,꼼장어 볶음,26000,
윤가네바베큐 마두점,사이드메뉴,골뱅이,22000,
윤가네바베큐 마두점,사이드메뉴,두부김치,26000,
윤가네바베큐 마두점,사이드메뉴,김치찌개,26000,
윤가네바베큐 마두점,사이드메뉴,새우튀김,22000,
윤가네바베큐 마두점,사이드메뉴,돈까스 안주,28000,
윤가네바베큐 마두점,사이드메뉴,먹태,26000,
윤가네바베큐 마두점,사이드메뉴,매운닭발,24000,
윤가네바베큐 마두점,사이드메뉴,고급오뎅전골,22000,
윤가네바베큐 마두점,사이드메뉴,한치,22000,
윤가네바베큐 마두점,사이드메뉴,부추전,22000,
윤가네바베큐 마두점,사이드메뉴,계란말이,16000,
윤가네바베큐 마두점,사이드메뉴,번데기탕,12000,
윤가네바베큐 마두점,음료,카스 0.0 (논알콜),4000,
깐부치킨 일산마두점,치킨,깐부 바삭한식스팩 (Kkanbu Crispy 6 Pack),18000,NEW
깐부치킨 일산마두점,치킨,전기구이치킨,14000,
깐부치킨 일산마두점,치킨,고추간장치킨,18000,NEW
깐부치킨 일산마두점,치킨,크리스피치킨,17000,
깐부치킨 일산마두점,치킨,마늘전기구이,16000,
깐부치킨 일산마두점,치킨,깐부불사조 (순살),17000,
깐부치킨 일산마두점,치킨,후라이드치킨,16000,
깐부치킨 일산마두점,치킨,순살파닭,18000,
깐부치킨 일산마두점,치킨,순살크리스피,17000,
깐부치킨 일산마두점,치킨,순살스윗치킨,17000,
깐부치킨 일산마두점,치킨,깐부로스트 윙&봉,15000,
깐부치킨 일산마두점,사이드,깐부골뱅이,19000,
깐부치킨 일산마두점,사이드,케이준치킨샐러드,13000,
깐부치킨 일산마두점,사이드,깐부소시지,16000,
깐부치킨 일산마두점,사이드,반건조오징어세트,13000,
깐부치킨 일산마두점,사이드,어니언포테이토,11000,
깐부치킨 일산마두점,사이드,웨지포테이토,11000,
깐부치킨 일산마두점,사이드,스파이시포테이토,11000,
동경규동 일산백마점,정식/세트,규동정식세트,13500,
동경규동 일산백마점,정식/세트,매운야끼규동 정식세트,13700,
동경규동 일산백마점,정식/세트,김치가츠나베 정식세트,13700,
동경규동 일산백마점,정식/세트,수제등심 돈가츠 정식세트,13000,
동경규동 일산백마점,정식/세트,불닭치즈 나베 정식세트,12000,
동경규동 일산백마점,정식/세트,규동(소)+대파유린치킨세트,10400,
동경규동 일산백마점,정식/세트,냉모밀 돈가츠 정식세트,13700,
동경규동 일산백마점,정식/세트,야끼규 냉모밀 정식세트,13700,
동경규동 일산백마점,규동,규동메가콤보,9900,
동경규동 일산백마점,규동,김치규동,8500,
동경규동 일산백마점,규동,규동,7900,
동경규동 일산백마점,규동,야끼규동,8100,
동경규동 일산백마점,규동,매운 야끼규동,8400,
동경규동 일산백마점,규동,불판 김치볶음규동,9100,
동경규동 일산백마점,규동,오코노미 규타마동,9100,
동경규동 일산백마점,규동,부타동,8000,
동경규동 일산백마점,규동,불판 김치부타동,9100,
동경규동 일산백마점,규동,치즈 매운야끼규동,9100,
동경규동 일산백마점,돈가츠/치킨/새우,수제등심 가츠동,8400,
동경규동 일산백마점,돈가츠/치킨/새우,수제등심 김치가츠동,8900,
동경규동 일산백마점,돈가츠/치킨/새우,수제등심 치즈가츠동,9400,
동경규동 일산백마점,돈가츠/치킨/새우,수제등심 치즈김치가츠동,9700,
동경규동 일산백마점,돈가츠/치킨/새우,다리살 치킨가라아게동,8200,
동경규동 일산백마점,돈가츠/치킨/새우,다리살 치킨마요동,8200,
동경규동 일산백마점,돈가츠/치킨/새우,타마고 에비텐동,9900,
동경규동 일산백마점,우동·모밀,가쓰오 동경우동,6200,
동경규동 일산백마점,우동·모밀,유부듬뿍 김치우동,6800,
동경규동 일산백마점,우동·모밀,에비텐 가쓰오우동,7600,
동경규동 일산백마점,우동·모밀,니꾸우동,8700,
동경규동 일산백마점,우동·모밀,얼큰 니꾸우동,9000,
동경규동 일산백마점,우동·모밀,타마고 우동나베,9500,
동경규동 일산백마점,우동·모밀,얼큰우동나베,9800,
동경규동 일산백마점,우동·모밀,냉모밀,7900,
동경규동 일산백마점,우동·모밀,에비텐 냉모밀,9300,
동경규동 일산백마점,카레,에비텐 카레,9500,
동경규동 일산백마점,카레,수제등심 가츠가레,9300,
동경규동 일산백마점,카레,다리살 치킨카레,8900,
동경규동 일산백마점,카레,야끼규 카레,9300,
동경규동 일산백마점,카레,고로케 카레,8900,
동경규동 일산백마점,카레,에비텐 카레우동,7900,
동경규동 일산백마점,사이드메뉴,샐러드 고로케,5000,
동경규동 일산백마점,사이드메뉴,샐러드 치킨가라아게,5000,
동경규동 일산백마점,사이드메뉴,대파유린돈가츠,5900,
동경규동 일산백마점,사이드메뉴,대파유린치킨,5900,
동경규동 일산백마점,사이드메뉴,미니돈가츠,5000,
동경규동 일산백마점,사이드메뉴,후리가케 공기밥,1200,
동경규동 일산백마점,사이드메뉴,온센타마고,1200,
동경규동 일산백마점,사이드메뉴,콜라,2000,
동경규동 일산백마점,사이드메뉴,제로콜라,2000,
동경규동 일산백마점,사이드메뉴,사이다,2000,
